{
  "zoom": 10,
  "minX": 370,
  "maxX": 370,
  "minY": 571,
  "maxY": 571,
  "southWest": [
    -20.632784250388017,
    -49.921875
  ],
  "northEast": [
    -20.3034175184893,
    -49.5703125
  ]
}